{"RuleTriggered": 54, "Violations": 54, "Details": {"algo-1": {"cpu": {"p25": 49.99999999999999, "p50": 51.519999999999996, "p75": 54.0, "p95": 75.6965, "upper": 60.000000000000014, "lower": 43.999999999999986}, "gpu0": {"p25": 0.0, "p50": 0.0, "p75": 0.0, "p95": 0.0, "upper": 0.0, "lower": 0.0}, "gpu0_memory": {"p25": 0.0, "p50": 0.0, "p75": 0.0, "p95": 0.0, "upper": 0.0, "lower": 0.0}}, "last_timestamp": 1640816220000000}, "Datapoints": 10078, "RuleParameters": "cpu_threshold_p95:70\ngpu_threshold_p95:70\ngpu_memory_threshold_p95:70\npatience:1000\nwindow:500"}