{"RuleTriggered": 1, "Violations": 1, "Details": {"pin_memory": false, "num_workers": 0, "cores": 4, "dataloaders": 1, "dataloading_time": {"p25": 1.226677, "p50": 1.38295, "p95": 1.786565, "probs": [1, 0, 0, 0, 0, 0, 0, 0, 0, 0, 0, 0, 0, 0, 0, 0, 0, 0, 1, 0, 0, 0, 0, 0, 0, 0, 0, 0, 0, 0, 0, 1, 0, 1, 0, 0, 0, 0, 0, 0, 0, 0, 0, 0, 0, 1, 0, 0, 0, 0, 0, 1, 0, 0, 0, 0, 0, 0, 0, 0, 0, 0, 0, 0, 0, 0, 1, 0, 2, 0, 0, 0, 0, 0, 0, 0, 0, 0, 0, 0, 0, 0, 0, 0, 0, 0, 0, 0, 0, 0, 0, 0, 0, 0, 0, 0, 0, 1, 0, 1], "binedges": [0.948697, 0.9572007100000001, 0.96570442, 0.9742081300000001, 0.98271184, 0.9912155500000001, 0.99971926, 1.00822297, 1.01672668, 1.02523039, 1.0337341, 1.04223781, 1.05074152, 1.05924523, 1.06774894, 1.07625265, 1.08475636, 1.09326007, 1.10176378, 1.11026749, 1.1187712, 1.12727491, 1.13577862, 1.14428233, 1.15278604, 1.16128975, 1.16979346, 1.17829717, 1.18680088, 1.1953045900000001, 1.2038083, 1.21231201, 1.22081572, 1.2293194299999999, 1.23782314, 1.24632685, 1.25483056, 1.26333427, 1.27183798, 1.28034169, 1.2888454, 1.2973491099999999, 1.30585282, 1.31435653, 1.32286024, 1.33136395, 1.33986766, 1.34837137, 1.35687508, 1.36537879, 1.3738825000000001, 1.38238621, 1.39088992, 1.39939363, 1.4078973399999999, 1.41640105, 1.42490476, 1.43340847, 1.44191218, 1.45041589, 1.4589196, 1.46742331, 1.4759270199999999, 1.48443073, 1.49293444, 1.50143815, 1.50994186, 1.51844557, 1.52694928, 1.53545299, 1.5439566999999998, 1.5524604100000001, 1.56096412, 1.56946783, 1.57797154, 1.58647525, 1.59497896, 1.60348267, 1.6119863799999998, 1.62049009, 1.6289938, 1.63749751, 1.64600122, 1.6545049299999999, 1.66300864, 1.67151235, 1.6800160599999998, 1.68851977, 1.69702348, 1.70552719, 1.7140309, 1.7225346099999999, 1.73103832, 1.73954203, 1.7480457399999998, 1.75654945, 1.76505316, 1.77355687, 1.78206058, 1.7905642899999998, 1.799068]}}, "Datapoints": 11, "RuleParameters": "min_threshold:70\nmax_threshold:200"}