{"RuleTriggered": 0, "Violations": 157, "Details": {"low_gpu_utilization": 10079, "bottlenecks": {"1640816241.411958": {"GPUs": 1, "CPUs": 1}, "1640816244.41195": {"GPUs": 1, "CPUs": 1}, "1640816244.911959": {"GPUs": 1, "CPUs": 1}, "1640816245.911956": {"GPUs": 1, "CPUs": 1}, "1640816248.411978": {"GPUs": 1, "CPUs": 1}, "1640816248.911945": {"GPUs": 1, "CPUs": 1}, "1640816266.411965": {"GPUs": 1, "CPUs": 1}, "1640816273.911957": {"GPUs": 1, "CPUs": 1}, "1640816288.41195": {"GPUs": 1, "CPUs": 1}, "1640816318.911965": {"GPUs": 1, "CPUs": 2}, "1640816319.411965": {"GPUs": 1, "CPUs": 2}, "1640816319.911942": {"GPUs": 1, "CPUs": 3}, "1640816320.411947": {"GPUs": 1, "CPUs": 3}, "1640816320.911934": {"GPUs": 1, "CPUs": 3}, "1640816321.411949": {"GPUs": 1, "CPUs": 2}, "1640816321.911944": {"GPUs": 1, "CPUs": 2}, "1640816322.411948": {"GPUs": 1, "CPUs": 2}, "1640816322.911948": {"GPUs": 1, "CPUs": 2}, "1640816323.411989": {"GPUs": 1, "CPUs": 2}, "1640816330.412752": {"GPUs": 1, "CPUs": 1}, "1640816344.411943": {"GPUs": 1, "CPUs": 1}, "1640816344.911989": {"GPUs": 1, "CPUs": 1}, "1640816345.911895": {"GPUs": 1, "CPUs": 1}, "1640816348.911943": {"GPUs": 1, "CPUs": 3}, "1640816349.411959": {"GPUs": 1, "CPUs": 4}, "1640816349.911963": {"GPUs": 1, "CPUs": 4}, "1640816350.412002": {"GPUs": 1, "CPUs": 3}, "1640816352.411992": {"GPUs": 1, "CPUs": 2}, "1640816352.911955": {"GPUs": 1, "CPUs": 2}, "1640816353.411989": {"GPUs": 1, "CPUs": 2}, "1640816353.911958": {"GPUs": 1, "CPUs": 2}, "1640816354.411991": {"GPUs": 1, "CPUs": 2}, "1640816354.911983": {"GPUs": 1, "CPUs": 2}, "1640816355.411923": {"GPUs": 1, "CPUs": 2}, "1640816356.911968": {"GPUs": 1, "CPUs": 3}, "1640816357.411989": {"GPUs": 1, "CPUs": 2}, "1640816357.911983": {"GPUs": 1, "CPUs": 2}, "1640816358.412005": {"GPUs": 1, "CPUs": 3}, "1640816358.911961": {"GPUs": 1, "CPUs": 3}, "1640816359.411996": {"GPUs": 1, "CPUs": 3}, "1640816359.911968": {"GPUs": 1, "CPUs": 3}, "1640816360.411985": {"GPUs": 1, "CPUs": 3}, "1640816360.911972": {"GPUs": 1, "CPUs": 2}, "1640816361.411961": {"GPUs": 1, "CPUs": 2}, "1640816363.411974": {"GPUs": 1, "CPUs": 1}, "1640816368.911972": {"GPUs": 1, "CPUs": 1}, "1640816369.411973": {"GPUs": 1, "CPUs": 2}, "1640816369.912003": {"GPUs": 1, "CPUs": 2}, "1640816370.411969": {"GPUs": 1, "CPUs": 3}, "1640816370.911961": {"GPUs": 1, "CPUs": 2}, "1640816371.411957": {"GPUs": 1, "CPUs": 2}, "1640816371.911966": {"GPUs": 1, "CPUs": 2}, "1640816380.411957": {"GPUs": 1, "CPUs": 1}, "1640816380.911941": {"GPUs": 1, "CPUs": 2}, "1640816381.411957": {"GPUs": 1, "CPUs": 2}, "1640816381.911954": {"GPUs": 1, "CPUs": 2}, "1640816382.411977": {"GPUs": 1, "CPUs": 1}, "1640816382.911947": {"GPUs": 1, "CPUs": 1}, "1640816389.411969": {"GPUs": 1, "CPUs": 2}, "1640816390.411951": {"GPUs": 1, "CPUs": 3}, "1640816390.911961": {"GPUs": 1, "CPUs": 3}, "1640816391.411963": {"GPUs": 1, "CPUs": 3}, "1640816391.911946": {"GPUs": 1, "CPUs": 2}, "1640816392.411952": {"GPUs": 1, "CPUs": 3}, "1640816392.911978": {"GPUs": 1, "CPUs": 2}, "1640816393.411948": {"GPUs": 1, "CPUs": 3}, "1640816393.911955": {"GPUs": 1, "CPUs": 3}, "1640816394.411957": {"GPUs": 1, "CPUs": 3}, "1640816394.91195": {"GPUs": 1, "CPUs": 3}, "1640816395.411965": {"GPUs": 1, "CPUs": 3}, "1640816401.911959": {"GPUs": 1, "CPUs": 2}, "1640816402.412709": {"GPUs": 1, "CPUs": 2}, "1640816402.911957": {"GPUs": 1, "CPUs": 3}, "1640816403.411956": {"GPUs": 1, "CPUs": 3}, "1640816403.911951": {"GPUs": 1, "CPUs": 3}, "1640816404.411961": {"GPUs": 1, "CPUs": 3}, "1640816407.411944": {"GPUs": 1, "CPUs": 3}, "1640816407.911949": {"GPUs": 1, "CPUs": 3}, "1640816408.411965": {"GPUs": 1, "CPUs": 2}, "1640816408.911947": {"GPUs": 1, "CPUs": 2}, "1640816409.411957": {"GPUs": 1, "CPUs": 2}, "1640816409.911955": {"GPUs": 1, "CPUs": 1}, "1640816410.411953": {"GPUs": 1, "CPUs": 1}, "1640816413.911944": {"GPUs": 1, "CPUs": 2}, "1640816414.411977": {"GPUs": 1, "CPUs": 2}, "1640816432.411948": {"GPUs": 1, "CPUs": 1}, "1640816432.91195": {"GPUs": 1, "CPUs": 1}, "1640816433.41195": {"GPUs": 1, "CPUs": 1}, "1640816434.411956": {"GPUs": 1, "CPUs": 2}, "1640816434.911962": {"GPUs": 1, "CPUs": 3}, "1640816435.411957": {"GPUs": 1, "CPUs": 3}, "1640816435.911961": {"GPUs": 1, "CPUs": 2}, "1640816436.411952": {"GPUs": 1, "CPUs": 2}, "1640816436.911973": {"GPUs": 1, "CPUs": 2}, "1640816437.411955": {"GPUs": 1, "CPUs": 3}, "1640816437.911939": {"GPUs": 1, "CPUs": 2}, "1640816438.411967": {"GPUs": 1, "CPUs": 2}, "1640816438.911942": {"GPUs": 1, "CPUs": 2}, "1640816439.411951": {"GPUs": 1, "CPUs": 3}, "1640816439.911971": {"GPUs": 1, "CPUs": 3}, "1640816440.411941": {"GPUs": 1, "CPUs": 2}, "1640816440.911954": {"GPUs": 1, "CPUs": 2}, "1640816441.411951": {"GPUs": 1, "CPUs": 2}, "1640816441.911947": {"GPUs": 1, "CPUs": 2}, "1640816442.411959": {"GPUs": 1, "CPUs": 2}, "1640816448.411977": {"GPUs": 1, "CPUs": 2}, "1640816449.911961": {"GPUs": 1, "CPUs": 1}, "1640816450.411942": {"GPUs": 1, "CPUs": 2}, "1640816450.911949": {"GPUs": 1, "CPUs": 1}, "1640816451.911956": {"GPUs": 1, "CPUs": 1}, "1640816452.41195": {"GPUs": 1, "CPUs": 2}, "1640816452.911957": {"GPUs": 1, "CPUs": 2}, "1640816453.411947": {"GPUs": 1, "CPUs": 1}, "1640816456.911975": {"GPUs": 1, "CPUs": 1}, "1640816457.411944": {"GPUs": 1, "CPUs": 2}, "1640816457.911957": {"GPUs": 1, "CPUs": 1}, "1640816462.411974": {"GPUs": 1, "CPUs": 1}, "1640816487.411962": {"GPUs": 1, "CPUs": 1}, "1640816488.911959": {"GPUs": 1, "CPUs": 1}, "1640816489.41199": {"GPUs": 1, "CPUs": 1}, "1640816489.91199": {"GPUs": 1, "CPUs": 1}, "1640816490.411967": {"GPUs": 1, "CPUs": 1}, "1640816490.91194": {"GPUs": 1, "CPUs": 1}, "1640816491.911949": {"GPUs": 1, "CPUs": 1}, "1640816492.412663": {"GPUs": 1, "CPUs": 1}, "1640816493.411968": {"GPUs": 1, "CPUs": 1}, "1640816493.912314": {"GPUs": 1, "CPUs": 1}, "1640816496.411994": {"GPUs": 1, "CPUs": 1}, "1640816498.411978": {"GPUs": 1, "CPUs": 1}, "1640816498.911959": {"GPUs": 1, "CPUs": 1}, "1640816499.412841": {"GPUs": 1, "CPUs": 1}, "1640816501.411947": {"GPUs": 1, "CPUs": 1}, "1640816501.911985": {"GPUs": 1, "CPUs": 1}, "1640816504.911977": {"GPUs": 1, "CPUs": 1}, "1640816505.412379": {"GPUs": 1, "CPUs": 1}, "1640816507.412701": {"GPUs": 1, "CPUs": 1}, "1640816507.912736": {"GPUs": 1, "CPUs": 1}, "1640816508.911951": {"GPUs": 1, "CPUs": 1}, "1640817523.411983": {"GPUs": 1, "CPUs": 1}, "1640817523.911987": {"GPUs": 1, "CPUs": 1}, "1640817524.411947": {"GPUs": 1, "CPUs": 1}, "1640817525.911955": {"GPUs": 1, "CPUs": 1}, "1640817526.411983": {"GPUs": 1, "CPUs": 1}, "1640817526.911945": {"GPUs": 1, "CPUs": 1}, "1640817527.411983": {"GPUs": 1, "CPUs": 1}, "1640817530.411958": {"GPUs": 1, "CPUs": 1}, "1640817530.911964": {"GPUs": 1, "CPUs": 1}, "1640817531.911953": {"GPUs": 1, "CPUs": 1}, "1640817533.911955": {"GPUs": 1, "CPUs": 1}, "1640817536.411986": {"GPUs": 1, "CPUs": 1}, "1640817536.911981": {"GPUs": 1, "CPUs": 1}, "1640817537.411967": {"GPUs": 1, "CPUs": 1}, "1640817538.911979": {"GPUs": 1, "CPUs": 1}, "1640817539.911966": {"GPUs": 1, "CPUs": 1}, "1640817540.411947": {"GPUs": 1, "CPUs": 1}, "1640817540.911967": {"GPUs": 1, "CPUs": 1}, "1640817541.415021": {"GPUs": 1, "CPUs": 1}}}, "Datapoints": 10109, "RuleParameters": "threshold:50\nio_threshold:50\ngpu_threshold:10\npatience:1000"}