{"RuleTriggered": 0, "Violations": 0, "Details": {"step_num": {"first": 1640816478535302, "last": 1640821246989190}, "job_start": 1640816220.91189, "job_end": 1640821259.913012}, "Datapoints": 369, "RuleParameters": "threshold:20"}