{"RuleTriggered": 0, "Violations": 0, "Details": {"ratio": {"cpu_functions": 100.0}, "phase": {"Step:ModeKeys.TRAIN": 96.06387167094749, "others": -8.024690708500936, "Step:ModeKeys.EVAL": 11.960819037553453}, "phase_time": {}, "CPU": {"aten::conv2d": 18.02278131498587, "aten::convolution": 18.022124695608664, "aten::_convolution": 18.021586708403493, "aten::mkldnn_convolution": 18.02008979249712, "aten::batch_norm": 8.40644616762796, "aten::_batch_norm_impl_index": 8.405421841399512, "aten::native_batch_norm": 8.404365433365253, "enumerate(DataLoader)#_SingleProcessDataLoaderIter.__next__": 2.697184046112117}, "CPU_total": {"aten::conv2d": 102243191, "aten::convolution": 102239466, "aten::_convolution": 102236414, "aten::mkldnn_convolution": 102227922, "aten::batch_norm": 47689747, "aten::_batch_norm_impl_index": 47683936, "aten::native_batch_norm": 47677943, "enumerate(DataLoader)#_SingleProcessDataLoaderIter.__next__": 15301118}, "general": {"DataLoaderIterInitialize": 8.634161026628296e-05, "DataLoaderIter": 0.2815611269111169, "Forward": 99.71835253147862}}, "Datapoints": 0, "RuleParameters": ""}