{"RuleTriggered": 28, "Violations": 388, "Details": {"step_details": {"algo-1-26": {"step_stats": {"mean": 15.07942295327103, "max": 45.128671, "p99": 41.335299000000056, "p95": 25.980718, "p50": 13.947368, "min": 1.844783}, "number_of_outliers": 14, "phase": "Step:ModeKeys.TRAIN", "stddev": 5.34, "probs": [4, 1, 0, 0, 0, 0, 0, 0, 0, 0, 0, 0, 0, 0, 0, 0, 0, 0, 0, 0, 0, 0, 0, 0, 0, 0, 0, 0, 0, 0, 0, 0, 0, 0, 0, 0, 0, 0, 0, 0, 0, 9, 13, 106, 70, 38, 44, 11, 2, 0, 0, 2, 1, 0, 0, 2, 0, 0, 0, 0, 0, 0, 0, 0, 0, 0, 0, 0, 1, 0, 0, 0, 0, 0, 0, 0, 0, 0, 0, 0, 0, 0, 0, 0, 0, 0, 0, 0, 2, 0, 0, 0, 0, 0, 0, 0, 0, 0, 0, 1], "binedges": [1.844783, 2.1187760300000003, 2.39276906, 2.6667620899999998, 2.94075512, 3.21474815, 3.48874118, 3.7627342099999996, 4.036727239999999, 4.310720269999999, 4.5847133, 4.85870633, 5.13269936, 5.40669239, 5.68068542, 5.954678449999999, 6.228671479999999, 6.502664509999999, 6.776657539999999, 7.05065057, 7.3246436, 7.59863663, 7.872629659999999, 8.14662269, 8.420615719999999, 8.694608749999999, 8.968601779999998, 9.24259481, 9.51658784, 9.79058087, 10.0645739, 10.338566929999999, 10.612559959999999, 10.886552989999998, 11.160546019999998, 11.434539049999998, 11.708532079999998, 11.98252511, 12.256518139999999, 12.530511169999999, 12.804504199999998, 13.078497229999998, 13.352490259999998, 13.626483289999998, 13.90047632, 14.174469349999999, 14.448462379999999, 14.722455409999998, 14.996448439999998, 15.270441469999998, 15.544434499999998, 15.818427529999997, 16.092420559999997, 16.36641359, 16.64040662, 16.91439965, 17.18839268, 17.46238571, 17.73637874, 18.01037177, 18.2843648, 18.55835783, 18.83235086, 19.106343889999998, 19.380336919999998, 19.654329949999997, 19.928322979999997, 20.202316009999997, 20.476309039999997, 20.750302069999996, 21.024295099999996, 21.298288129999996, 21.572281159999996, 21.84627419, 22.12026722, 22.39426025, 22.66825328, 22.942246309999998, 23.216239339999998, 23.490232369999998, 23.764225399999997, 24.038218429999997, 24.312211459999997, 24.586204489999997, 24.860197519999996, 25.134190549999996, 25.408183579999996, 25.682176609999996, 25.95616964, 26.23016267, 26.5041557, 26.778148729999998, 27.052141759999998, 27.326134789999998, 27.600127819999997, 27.874120849999997, 28.148113879999997, 28.422106909999997, 28.696099939999996, 28.970092969999996, 29.244086], "step_numbers": ["1", "1", "2", "2", "3", "4", "4", "5", "6", "6", "7", "7", "8", "9"]}}}, "Datapoints": 369, "RuleParameters": "threshold:3\nmode:None\nn_outliers:10\nstddev:3"}